{"web":{"client_id":"102145220985-utd9mhqgbamgu1tjiutlquis49t125bg.apps.googleusercontent.com","project_id":"crowdfunding-312200","auth_uri":"https://accounts.google.com/o/oauth2/auth","token_uri":"https://oauth2.googleapis.com/token","auth_provider_x509_cert_url":"https://www.googleapis.com/oauth2/v1/certs","client_secret":"o3paVzEAy8VRqH0RF0d8UKPt","redirect_uris":["https://localhost:44321/signin-google","http://memenecro-001-site1.itempurl.com/signin-google"],"javascript_origins":["https://localhost:44321","http://memenecro-001-site1.itempurl.com"]}}